Code,Name,Phone,Balance
"CUST-1","GUNASENA","—",""
"JA/CST/1","Mr.Asanka Thilakrathne","0716666888",""
"JA/CST/2","MR.FAZAL","0777751784",""
"JA/CST/3","Mr.Sarath (Pest Control)","0712388898",""
"JA/CST/4","SAP Super Mart (Pvt) Ltd","0372280205",""
"JA/CST/6","BEN FOOD","0777561562",""
"JA/CST/7","Lanka Ice Group Of Companies","0775960759",""
"JA/CST/8","Mr.Hasitha","0713393000",""
"JA/CST/9","SINHAGIRI (Pvt) Ltd","0711834314",""
"JA/CST/10","Mr.Kalinga","0773918156",""
"JA/CST/12","Mr.Priyantha","0773832156",""
"JA/CST/13","APL (Pvt) Ltd","0772862621",""
"JA/CST/14","Mr.W.A.Dayananda","0772014562",""
"JA/CST/15","Mr.Duminda De Silava","0772715189",""
"JA/CST/16","Mr.Asitha","0763272244",""
"JA/CST/17","Mr.Chaminda Sepala","0715206223",""
"JA/CST/18","Mr.Lakshan Udayanga","0770143706",""
"JA/CST/19","Mr.Bala Suprabaniam","0769075555",""
"JA/CST/20","Mr.Jayathissa","0717872818",""
"JA/CST/21","MRK Associates (Pvt) Ltd","0770106960",""
"JA/CST/24","Qualitea Ceylon (Pvt) Ltd","0777387888",""
"JA/CST/25","TWS Lanka","0703717504",""
"JA/CST/26","Mr.Prasanna Priyadasa","0714222332",""
"JA/CST/27","Freight Link","0777598661",""
"JA/CST/28","SUBANI DISTRIBUTORS","0771072387",""
"JA/CST/29","360 Ja-Ela","0761678144",""
"JA/CST/30","ATG HAND CARE (PVT) LTD","0773664314",""
"JA/CST/31","Mr.Ariyasena","0713176261",""
"JA/CST/32","Mr.Naleesh","0752477217",""
"JA/CST/36","Mr.Anura","0715295270",""
"JA/CST/37","Mr.Haneefa","0775015969",""
"JA/CST/39","Mr.SMD Fernando","0726038180",""
"JA/CST/40","Mr.Janaka","0713643056",""
"JA/CST/41","BRITISH AGENCIES","0714541285",""
"JA/CST/44","Mr.Ruwan Samarasinghe","0785217095",""
"JA/CST/45","Mr.MML Bandara (Dart Global)","0773667885",""
"JA/CST/46","Ceylon Agro Industries","0775302328",""
"JA/CST/47","KOTUGODA TRANSPORT (Pvt) Ltd","0719453554",""
"JA/CST/48","Mr.Asela Fernando","0773971017",""
"JA/CST/49","Mr.Nishantha","0778623821",""
"JA/CST/50","ABANS PLC","0115775000",""
"JA/CST/51","Mr.PVK Keerthi","0717471980",""
"JA/CST/52","saman","0715555888",""
"JA/CST/53","BAMBARAKELLY Estate","0702128702",""
"JA/CST/54","Dinlanka Logistics (Pvt) Ltd","0776312365",""
"JA/CST/22","Esquel Sri Lanak (Pvt) Ltd","0761247396",""
"JA/CST/34","Mr.Channa","0777737649",""
"JA/CST/38","Mr. Shanaka Sumanaweera","0762324563",""
"JA/CST/23","SKY CARGO","0760991378",""
"JA/CST/33","Mr.Haral","0772408683",""
"JA/CST/35","TEX LANKA","0768104488",""
"JA/CST/42","ROYAL FERNITURE","0773558517",""
"JA/CST/5","POLY CREATIONS (PVT) LTD","0771050694",""
"JA/CST/11","Mr.Maxxi Kamal","0785708299",""
"JA/CST/43","Mr.Wasantha","0772015017",""
"CUST-4","Walk-in Customer","—",""
"CUST-5","Shenal","—",""
"CUST-7","jAYALATH","—",""
"CUST-8","DFG","—",""
"CUST-9","chalana","—",""
"CUST-10","fgh","—",""
"CUST-11","GLX RAXWO","—",""
"CUST-12","dilum vishvajith","0772268608",""